"","1","2","3","4","5","6","7","8","9","10","11","12","13","14","15","16","17","18","19","20","21","22","23","24","25","26","27","28","29","30","31","32","33","34","35","36"
"1",-94,-93,-61,-90,-97,-94,-93,-93,-96,-92,-48,-93,-100,-89,-92,-95,-92,-85,-58,-96,-98,-98,-97,-94,-82,-94,-92,-93,-92,-92,-92,-95,-93,-95,-96,-92
"2",-94,-93,-71,-90,-97,-94,-93,-93,NA,-92,-60,-93,-100,-89,-92,-93,-94,-88,-70,-96,-98,-98,-97,-94,-86,-94,-89,-93,-93,-92,-92,-95,-94,-95,-96,-92
"3",-93,NA,-70,-91,-97,NA,-90,-96,NA,-90,-51,-92,-92,-90,-92,-93,-94,-89,-69,-95,-98,-94,-89,NA,-85,-97,-89,-94,-92,-95,-93,-91,-97,-97,-95,-92
"4",-95,NA,-71,-88,-97,NA,-94,-92,NA,-90,-53,-90,-92,-90,-90,-93,-97,-90,-72,-95,-97,-94,-89,NA,-89,-97,-95,-91,-92,-95,-91,-95,-97,-97,-95,-92
"5",-95,NA,-70,-88,-96,NA,-97,-92,NA,-91,-56,-91,-93,-90,-89,-91,-97,-90,-69,-95,-98,-94,-91,NA,-90,-97,-95,-93,-94,-97,-91,-95,-94,-98,-95,-92
"6",-95,NA,-70,-95,-96,NA,-95,-92,NA,-92,-48,-89,-96,-90,-90,-95,-95,-94,-70,-95,-98,-94,-84,NA,-86,-97,-91,-90,-94,-92,-91,-96,-97,-98,-96,-93
"7",-92,NA,-71,-95,-97,NA,-95,-90,NA,-89,-57,-89,-96,-92,-90,-94,-95,-92,-72,-96,-93,-95,-92,NA,-87,-95,-91,-98,-92,-92,-88,-96,-97,-96,-95,-94
"8",-97,NA,-74,-92,-83,NA,-97,-90,NA,-93,-49,-90,-93,-92,-88,-94,-93,-92,-75,-96,-93,-95,-91,NA,-85,-95,-93,-98,-94,-91,-94,-91,-98,-96,-95,-94
"9",-97,NA,-72,NA,-83,NA,-98,-92,NA,-95,-54,-90,-92,-89,-90,-94,-97,-93,-73,-95,-90,NA,-88,NA,-87,-90,-93,-94,-94,-91,-90,-91,-98,-95,-95,-92
"10",-94,NA,-70,NA,-83,NA,-94,-93,NA,-90,-47,-90,-93,-91,-92,-94,-90,-90,-70,-95,-88,NA,-91,NA,-85,-90,-90,-93,-95,-91,-94,-92,-94,-95,-95,-92
"11",-94,NA,-74,NA,-83,NA,-94,-88,NA,-89,-48,-87,-95,-90,-91,-94,-90,-91,-70,-95,-90,NA,-91,NA,-86,-90,-96,-94,-95,-94,-90,-92,-94,-93,-95,-93
"12",-94,NA,-74,NA,-83,NA,-97,-88,NA,-91,-48,-87,-95,-90,-91,-93,-90,-91,-70,-95,-88,NA,-93,NA,-86,-89,-96,-90,-95,-89,-91,-95,-93,-88,-96,-93
"13",-96,NA,-73,NA,-86,NA,-93,-94,NA,-91,-47,-89,-95,-90,-91,-91,-93,-92,-71,-95,-88,NA,-87,NA,-86,-92,-94,-90,-95,-89,-93,-95,-98,-96,NA,-93
"14",-94,NA,-77,NA,-84,NA,-93,-93,NA,-94,-51,-88,-94,-91,-91,-97,-93,-91,-74,-92,-89,NA,-92,NA,-88,-93,-96,-93,-95,-94,-92,-94,-97,-96,NA,-93
"15",-92,NA,-79,NA,-85,NA,-94,-94,NA,-91,-53,-87,-91,-93,-90,-93,-97,-91,-70,-92,-89,NA,-92,NA,-88,-90,-96,-93,-95,-91,-95,-93,-95,-92,NA,-92
"16",-91,NA,-78,NA,-85,NA,-94,-93,NA,-94,-53,-90,-94,-93,-91,-93,-91,-92,-73,-92,-91,NA,-90,NA,-85,-90,-93,-93,-77,-96,-90,NA,-95,-92,NA,-95
"17",-91,NA,-73,NA,-83,NA,-95,-94,NA,-92,-50,-91,-94,-93,-88,-94,-92,-90,-71,-92,-92,NA,-90,NA,-87,-90,-97,-95,-77,-92,-93,NA,-95,-92,NA,-95
"18",-91,NA,-70,NA,-83,NA,-95,-93,NA,-92,-51,-89,-94,-89,-90,-88,-95,-89,-74,-90,-89,NA,-90,NA,-89,-88,-97,-94,-78,-92,-93,NA,-95,-93,NA,-92
"19",-91,NA,-71,NA,-83,NA,-92,-94,NA,-95,-52,-88,-92,-90,-89,-88,-95,-89,-72,-89,-89,NA,-90,NA,-89,-88,-97,-94,-77,-92,-92,NA,-94,-93,NA,-93
"20",-95,NA,-71,NA,-82,NA,-95,-93,NA,NA,-53,-90,-93,-92,-89,-92,-92,-90,-72,-94,-90,NA,-92,NA,-89,-87,-92,NA,-77,-92,-92,NA,-96,-93,NA,-93
"21",-93,NA,-71,NA,-83,NA,-97,-88,NA,NA,-53,-89,-94,-92,-92,-92,-92,-89,-72,-92,-89,NA,-89,NA,-88,-92,-96,NA,-79,-93,-92,NA,-98,-97,NA,-92
"22",-97,NA,-72,NA,-84,NA,-92,-94,NA,NA,-53,-89,-94,-91,-92,-93,-93,-89,-69,-92,-88,NA,-89,NA,-86,-92,-97,NA,-77,-93,-94,NA,-98,-97,NA,-94
"23",-97,NA,-73,NA,-86,NA,-92,-94,NA,NA,-52,-89,-90,-90,-89,-93,-93,-94,-71,-91,-88,NA,-91,NA,-87,-91,-97,NA,-78,-91,-92,NA,-93,-95,NA,-95
"24",-97,NA,-73,NA,-86,NA,-96,-95,NA,NA,-51,-86,-90,-93,-87,-93,-91,-94,-70,-90,-88,NA,-89,NA,-87,-91,-97,NA,-77,-91,-93,NA,-90,-95,NA,-95
"25",-95,NA,-71,NA,-86,NA,-96,-95,NA,NA,-52,-86,-93,-93,-87,-93,-91,-93,-70,-90,-88,NA,-91,NA,-87,-91,-92,NA,-79,-95,-93,NA,-97,-95,NA,-97
"26",-92,NA,-73,NA,-85,NA,-98,-92,NA,NA,-50,-87,-93,-91,-87,-96,-89,-92,-72,-90,-90,NA,-89,NA,-87,-91,-92,NA,-78,-95,-95,NA,-97,-95,NA,-95
"27",-92,NA,-73,NA,-85,NA,-98,-94,NA,NA,-51,-87,-95,-93,-87,-96,-89,-89,-72,-90,-90,NA,-87,NA,-90,-94,-96,NA,-78,-88,-94,NA,-92,-95,NA,-95
"28",-89,NA,-79,NA,-86,NA,-95,-92,NA,NA,-50,-93,-95,-94,-91,NA,-89,-89,-73,-94,-89,NA,-91,NA,-92,-95,-96,NA,-79,-94,-94,NA,-92,-95,NA,-96
"29",-89,NA,-70,NA,-82,NA,-95,-93,NA,NA,-54,-86,-89,-91,-91,NA,-91,-92,-71,-96,-91,NA,-90,NA,-91,-90,-96,NA,-80,-94,-91,NA,-92,-91,NA,-96
"30",-94,NA,-74,NA,-86,NA,-91,-93,NA,NA,-55,-89,-94,-89,-91,NA,-91,-93,-73,-96,-91,NA,-90,NA,-91,-90,-96,NA,-78,-88,-95,NA,-96,-91,NA,-96
"31",-94,NA,-74,NA,-85,NA,-91,-93,NA,NA,-55,-89,-94,-93,-90,NA,-91,-93,-73,-95,-91,NA,-91,NA,-87,-94,-95,NA,-78,-91,-95,NA,-96,-89,NA,-96
"32",-94,NA,-76,NA,-85,NA,-95,-91,NA,NA,-55,-89,-95,-93,-91,NA,-92,-88,-71,-92,-88,NA,-88,NA,-87,-94,-95,NA,-78,-90,-95,NA,-94,-89,NA,-96
"33",-94,NA,-72,NA,-83,NA,-92,-90,NA,NA,-49,-88,-92,-90,-90,NA,-92,-89,-77,-92,-88,NA,-89,NA,-93,-93,-100,NA,-78,-93,-92,NA,-93,NA,NA,-96
"34",-92,NA,-72,NA,-84,NA,-92,-90,NA,NA,-50,-92,-93,-92,-90,NA,-95,-89,-74,-90,-92,NA,-91,NA,-93,-93,-100,NA,-77,-95,-92,NA,-95,NA,NA,-93
"35",-92,NA,-64,NA,-84,NA,-92,-93,NA,NA,-62,-89,-94,-91,-84,NA,-94,-90,-72,-90,-92,NA,-91,NA,-95,-91,-100,NA,-78,-95,-97,NA,-95,NA,NA,-94
"36",-91,NA,-66,NA,-85,NA,-92,-93,NA,NA,-62,-85,-92,-92,-84,NA,-94,-90,-72,-90,-92,NA,-89,NA,-92,-91,-93,NA,-78,-95,-89,NA,-90,NA,NA,-94
"37",-91,NA,-64,NA,-84,NA,-93,-91,NA,NA,-61,-88,-92,-95,-90,NA,-94,-93,-75,-92,-91,NA,-90,NA,-92,-94,-96,NA,-78,-92,-89,NA,-90,NA,NA,-95
"38",-93,NA,-66,NA,-87,NA,-90,-94,NA,NA,-57,-88,-92,-92,-89,NA,-91,-93,-73,-88,-91,NA,-89,NA,-91,-94,-96,NA,-80,-92,-89,NA,-96,NA,NA,-91
"39",-97,NA,-64,NA,-87,NA,-90,-94,NA,NA,-52,-89,-93,-91,-87,NA,-91,-91,-72,-89,-94,NA,-92,NA,-88,-94,-94,NA,-81,-90,-94,NA,-96,NA,NA,-91
"40",-95,NA,-66,NA,-89,NA,-90,-94,NA,NA,-52,-89,-93,-93,-88,NA,-94,-94,-74,-87,-93,NA,-92,NA,-91,-94,-94,NA,-79,-95,-92,NA,-96,NA,NA,-91
"41",-90,NA,-66,NA,-89,NA,-90,-94,NA,NA,-52,-91,-89,-93,-92,NA,-94,-92,-74,-92,-93,NA,-91,NA,-91,-91,-97,NA,-80,-95,-92,NA,-96,NA,NA,-93
"42",-96,NA,-66,NA,-92,NA,-88,-92,NA,NA,-64,-89,-91,-93,-87,NA,-96,-87,-77,-92,-97,NA,-91,NA,-95,-91,-97,NA,-79,-95,-94,NA,NA,NA,NA,-92
"43",-92,NA,-68,NA,-87,NA,-91,-94,NA,NA,-51,-92,-93,-91,-87,NA,-90,-89,-78,-90,-94,NA,-90,NA,-91,-92,-95,NA,-80,-93,-93,NA,NA,NA,NA,-95
"44",-94,NA,-66,NA,-90,NA,-91,-94,NA,NA,-57,-92,-92,-91,-87,NA,-90,-88,-75,-90,-93,NA,-90,NA,-91,-95,-95,NA,-79,-92,-93,NA,NA,NA,NA,-96
"45",-93,NA,-64,NA,-90,NA,-93,-94,NA,NA,-59,-91,-93,-90,-87,NA,-93,-90,-77,-90,-90,NA,-92,NA,-92,-90,-96,NA,-78,-93,-96,NA,NA,NA,NA,-96
"46",-96,NA,-64,NA,-86,NA,-91,-91,NA,NA,-57,-88,-94,-93,-87,NA,-89,-89,-76,-91,-93,NA,-92,NA,-91,-90,-96,NA,-87,-93,-96,NA,NA,NA,NA,-97
"47",-96,NA,-65,NA,-86,NA,-93,-91,NA,NA,-54,-88,-92,-93,-90,NA,-87,-89,-73,-91,-93,NA,-92,NA,-88,NA,NA,NA,-84,-94,-92,NA,NA,NA,NA,-93
"48",-92,NA,-65,NA,-86,NA,-93,-93,NA,NA,-53,-88,-89,-93,-90,NA,-91,-87,-74,-89,-92,NA,-90,NA,-94,NA,NA,NA,-81,-97,-96,NA,NA,NA,NA,-93
"49",-92,NA,-67,NA,-86,NA,-92,-93,NA,NA,-52,-92,-91,-90,-93,NA,-90,-90,-71,-90,-94,NA,-90,NA,-91,NA,NA,NA,-83,-97,-96,NA,NA,NA,NA,-94
"50",-90,NA,-68,NA,-86,NA,-91,-91,NA,NA,-55,-92,-92,-90,-93,NA,-90,-89,-74,-89,-93,NA,-88,NA,-95,NA,NA,NA,-83,-94,NA,NA,NA,NA,NA,-88
"51",-96,NA,-67,NA,-90,NA,-90,-91,NA,NA,-48,-94,-92,-78,NA,NA,-89,-90,-72,-89,-94,NA,-88,NA,-95,NA,NA,NA,-81,-94,NA,NA,NA,NA,NA,-92
"52",-94,NA,-69,NA,-86,NA,-86,-91,NA,NA,-52,-92,-91,-91,NA,NA,-86,-87,-72,-89,-94,NA,-91,NA,-94,NA,NA,NA,-82,NA,NA,NA,NA,NA,NA,-92
"53",-94,NA,-68,NA,-86,NA,-92,-91,NA,NA,-50,-93,-92,-91,NA,NA,-88,-91,-73,-91,-94,NA,-92,NA,-92,NA,NA,NA,-79,NA,NA,NA,NA,NA,NA,-92
"54",-94,NA,-66,NA,-86,NA,-97,-91,NA,NA,-53,-93,-94,-90,NA,NA,-86,-88,-73,-91,-94,NA,-91,NA,-90,NA,NA,NA,-79,NA,NA,NA,NA,NA,NA,-94
"55",-94,NA,-65,NA,-85,NA,-97,-91,NA,NA,-49,-96,-94,-93,NA,NA,-88,-87,-74,-91,-94,NA,-91,NA,-90,NA,NA,NA,-78,NA,NA,NA,NA,NA,NA,-94
"56",-94,NA,-66,NA,-85,NA,-96,-90,NA,NA,-54,-96,-91,-93,NA,NA,-87,-87,-72,-89,-93,NA,-91,NA,-90,NA,NA,NA,-80,NA,NA,NA,NA,NA,NA,-91
"57",-93,NA,-66,NA,-86,NA,-94,-92,NA,NA,-54,-96,-92,-91,NA,NA,-87,-87,-74,-91,-93,NA,-89,NA,-89,NA,NA,NA,-79,NA,NA,NA,NA,NA,NA,-94
"58",-91,NA,-66,NA,-91,NA,-94,-92,NA,NA,-51,-94,-92,-90,NA,NA,-91,-88,-72,-89,NA,NA,-89,NA,-86,NA,NA,NA,-81,NA,NA,NA,NA,NA,NA,-94
"59",-90,NA,-65,NA,-91,NA,-97,-92,NA,NA,-53,-94,-89,-90,NA,NA,-92,-87,-71,-94,NA,NA,-89,NA,-86,NA,NA,NA,-83,NA,NA,NA,NA,NA,NA,-94
"60",-90,NA,-78,NA,-94,NA,NA,-92,NA,NA,-48,-96,-95,-89,NA,NA,-87,-89,-77,-97,NA,NA,-88,NA,-85,NA,NA,NA,-81,NA,NA,NA,NA,NA,NA,-94
"61",-96,NA,-73,NA,-94,NA,NA,-92,NA,NA,-48,-92,-91,-88,NA,NA,-90,-87,-66,-93,NA,NA,-91,NA,-83,NA,NA,NA,-83,NA,NA,NA,NA,NA,NA,-92
"62",-95,NA,-73,NA,-94,NA,NA,-91,NA,NA,-72,-95,-92,-88,NA,NA,-92,-88,-68,-93,NA,NA,-92,NA,-80,NA,NA,NA,-80,NA,NA,NA,NA,NA,NA,-96
"63",-95,NA,-72,NA,-92,NA,NA,-91,NA,NA,-66,-95,-90,-89,NA,NA,-89,-88,-74,-93,NA,NA,-90,NA,-83,NA,NA,NA,-80,NA,NA,NA,NA,NA,NA,-96
"64",-95,NA,-73,NA,-91,NA,NA,-94,NA,NA,-72,-92,-91,-91,NA,NA,-91,-93,-71,-96,NA,NA,-95,NA,-87,NA,NA,NA,-80,NA,NA,NA,NA,NA,NA,-96
"65",-96,NA,-73,NA,-93,NA,NA,-94,NA,NA,-71,-94,-93,-91,NA,NA,-89,-94,-70,-95,NA,NA,-95,NA,-79,NA,NA,NA,-79,NA,NA,NA,NA,NA,NA,-96
"66",-96,NA,-72,NA,-91,NA,NA,-92,NA,NA,-70,-93,-94,-92,NA,NA,-90,-94,-70,-95,NA,NA,-95,NA,-87,NA,NA,NA,-80,NA,NA,NA,NA,NA,NA,-96
"67",-93,NA,-73,NA,-92,NA,NA,-92,NA,NA,-69,-95,-94,-91,NA,NA,-89,-91,-69,-95,NA,NA,-95,NA,-83,NA,NA,NA,-82,NA,NA,NA,NA,NA,NA,-94
"68",-95,NA,-69,NA,-91,NA,NA,-90,NA,NA,-71,-92,-95,-95,NA,NA,-91,-91,-71,-92,NA,NA,-97,NA,-84,NA,NA,NA,-78,NA,NA,NA,NA,NA,NA,-91
"69",-95,NA,-71,NA,-94,NA,NA,-90,NA,NA,-67,-92,-92,-95,NA,NA,-92,-90,-73,-94,NA,NA,-97,NA,-82,NA,NA,NA,-82,NA,NA,NA,NA,NA,NA,-91
"70",-90,NA,-68,NA,-94,NA,NA,-90,NA,NA,-72,-92,-93,-96,NA,NA,-92,-90,-71,-94,NA,NA,-95,NA,-80,NA,NA,NA,-81,NA,NA,NA,NA,NA,NA,-96
"71",-94,NA,-71,NA,-94,NA,NA,-92,NA,NA,-66,-95,-94,-96,NA,NA,-94,-88,-70,-96,NA,NA,-94,NA,-82,NA,NA,NA,-81,NA,NA,NA,NA,NA,NA,-96
"72",-96,NA,-73,NA,-91,NA,NA,-98,NA,NA,-67,-95,-92,-94,NA,NA,-90,-92,-69,-91,NA,NA,-94,NA,-82,NA,NA,NA,-81,NA,NA,NA,NA,NA,NA,-94
"73",-96,NA,-70,NA,-93,NA,NA,-98,NA,NA,-65,-95,-92,-94,NA,NA,-92,-87,-70,-91,NA,NA,-93,NA,-80,NA,NA,NA,-79,NA,NA,NA,NA,NA,NA,-94
"74",-94,NA,-71,NA,-91,NA,NA,NA,NA,NA,-68,-95,-95,-95,NA,NA,-90,-87,-70,-92,NA,NA,-93,NA,-81,NA,NA,NA,-81,NA,NA,NA,NA,NA,NA,NA
"75",-93,NA,-72,NA,-91,NA,NA,NA,NA,NA,-65,-95,-91,-95,NA,NA,-90,-88,-69,-92,NA,NA,-95,NA,-88,NA,NA,NA,-82,NA,NA,NA,NA,NA,NA,NA
"76",-93,NA,-71,NA,-96,NA,NA,NA,NA,NA,-66,-92,-93,-95,NA,NA,-94,-88,-70,-91,NA,NA,-91,NA,-79,NA,NA,NA,-87,NA,NA,NA,NA,NA,NA,NA
"77",-86,NA,-69,NA,-94,NA,NA,NA,NA,NA,-65,-94,-91,-94,NA,NA,-94,-90,-70,-91,NA,NA,-93,NA,-83,NA,NA,NA,-91,NA,NA,NA,NA,NA,NA,NA
"78",-91,NA,-70,NA,-94,NA,NA,NA,NA,NA,-66,-96,-91,-96,NA,NA,-91,-90,-72,-96,NA,NA,-94,NA,-82,NA,NA,NA,-91,NA,NA,NA,NA,NA,NA,NA
"79",-92,NA,-71,NA,-94,NA,NA,NA,NA,NA,-65,-96,-90,-96,NA,NA,-90,-88,-70,-96,NA,NA,-92,NA,-79,NA,NA,NA,-94,NA,NA,NA,NA,NA,NA,NA
"80",-93,NA,-74,NA,-94,NA,NA,NA,NA,NA,-66,-96,-94,-88,NA,NA,-90,-88,-71,-95,NA,NA,-91,NA,-83,NA,NA,NA,-92,NA,NA,NA,NA,NA,NA,NA
"81",-92,NA,-74,NA,-96,NA,NA,NA,NA,NA,-67,-96,-90,-88,NA,NA,-90,-92,-72,-95,NA,NA,NA,NA,-84,NA,NA,NA,-94,NA,NA,NA,NA,NA,NA,NA
"82",-95,NA,-72,NA,NA,NA,NA,NA,NA,NA,-66,-98,-89,-93,NA,NA,-92,-94,-71,-95,NA,NA,NA,NA,-84,NA,NA,NA,-94,NA,NA,NA,NA,NA,NA,NA
"83",-95,NA,-74,NA,NA,NA,NA,NA,NA,NA,-68,-98,-89,-96,NA,NA,-93,-94,-69,-95,NA,NA,NA,NA,-87,NA,NA,NA,-92,NA,NA,NA,NA,NA,NA,NA
"84",-92,NA,-71,NA,NA,NA,NA,NA,NA,NA,-65,-95,-90,-96,NA,NA,-93,-92,-70,-93,NA,NA,NA,NA,-86,NA,NA,NA,-96,NA,NA,NA,NA,NA,NA,NA
"85",-92,NA,-74,NA,NA,NA,NA,NA,NA,NA,-69,-95,-91,-96,NA,NA,-92,-92,-73,-93,NA,NA,NA,NA,-84,NA,NA,NA,-96,NA,NA,NA,NA,NA,NA,NA
"86",-89,NA,-77,NA,NA,NA,NA,NA,NA,NA,-66,-96,-93,-96,NA,NA,-91,-92,-73,-96,NA,NA,NA,NA,-82,NA,NA,NA,-92,NA,NA,NA,NA,NA,NA,NA
"87",-94,NA,-74,NA,NA,NA,NA,NA,NA,NA,-65,-92,-93,-92,NA,NA,-91,-92,-73,-96,NA,NA,NA,NA,-84,NA,NA,NA,-92,NA,NA,NA,NA,NA,NA,NA
"88",-90,NA,-72,NA,NA,NA,NA,NA,NA,NA,-73,-92,-89,-92,NA,NA,-93,-95,-64,-97,NA,NA,NA,NA,-82,NA,NA,NA,-92,NA,NA,NA,NA,NA,NA,NA
"89",-94,NA,-73,NA,NA,NA,NA,NA,NA,NA,-65,-96,-91,-97,NA,NA,-93,-95,-72,-97,NA,NA,NA,NA,-82,NA,NA,NA,-93,NA,NA,NA,NA,NA,NA,NA
"90",-93,NA,-79,NA,NA,NA,NA,NA,NA,NA,-72,-85,-91,NA,NA,NA,-95,-94,-69,-97,NA,NA,NA,NA,-81,NA,NA,NA,-91,NA,NA,NA,NA,NA,NA,NA
"91",-93,NA,-70,NA,NA,NA,NA,NA,NA,NA,-68,-84,-90,NA,NA,NA,-88,-94,-72,-89,NA,NA,NA,NA,-84,NA,NA,NA,-91,NA,NA,NA,NA,NA,NA,NA
"92",-90,NA,-68,NA,NA,NA,NA,NA,NA,NA,-62,-84,-90,NA,NA,NA,-91,-94,-69,NA,NA,NA,NA,NA,-79,NA,NA,NA,-94,NA,NA,NA,NA,NA,NA,NA
"93",-93,NA,-70,NA,NA,NA,NA,NA,NA,NA,-62,-83,-92,NA,NA,NA,-91,-93,-68,NA,NA,NA,NA,NA,-81,NA,NA,NA,-92,NA,NA,NA,NA,NA,NA,NA
"94",-96,NA,-69,NA,NA,NA,NA,NA,NA,NA,-62,-84,-88,NA,NA,NA,-91,-93,-67,NA,NA,NA,NA,NA,-80,NA,NA,NA,-94,NA,NA,NA,NA,NA,NA,NA
"95",-96,NA,-69,NA,NA,NA,NA,NA,NA,NA,-63,-83,-88,NA,NA,NA,-93,-93,-66,NA,NA,NA,NA,NA,-85,NA,NA,NA,-93,NA,NA,NA,NA,NA,NA,NA
"96",-95,NA,-68,NA,NA,NA,NA,NA,NA,NA,-61,-85,-94,NA,NA,NA,-93,-91,-66,NA,NA,NA,NA,NA,-79,NA,NA,NA,-96,NA,NA,NA,NA,NA,NA,NA
"97",-95,NA,-71,NA,NA,NA,NA,NA,NA,NA,-61,-83,-93,NA,NA,NA,-91,-94,-67,NA,NA,NA,NA,NA,-80,NA,NA,NA,-97,NA,NA,NA,NA,NA,NA,NA
"98",-98,NA,-71,NA,NA,NA,NA,NA,NA,NA,-62,-84,-95,NA,NA,NA,-91,-93,-68,NA,NA,NA,NA,NA,-82,NA,NA,NA,-97,NA,NA,NA,NA,NA,NA,NA
"99",-95,NA,-71,NA,NA,NA,NA,NA,NA,NA,-62,-84,-93,NA,NA,NA,-93,-94,-67,NA,NA,NA,NA,NA,-82,NA,NA,NA,-94,NA,NA,NA,NA,NA,NA,NA
"100",-95,NA,-70,NA,NA,NA,NA,NA,NA,NA,-63,-87,-94,NA,NA,NA,-93,-90,-67,NA,NA,NA,NA,NA,-80,NA,NA,NA,-95,NA,NA,NA,NA,NA,NA,NA
"101",-89,NA,-68,NA,NA,NA,NA,NA,NA,NA,-61,-85,-94,NA,NA,NA,-92,-95,-68,NA,NA,NA,NA,NA,-83,NA,NA,NA,-95,NA,NA,NA,NA,NA,NA,NA
"102",-89,NA,-69,NA,NA,NA,NA,NA,NA,NA,-65,-87,-90,NA,NA,NA,-94,-92,-67,NA,NA,NA,NA,NA,-81,NA,NA,NA,-95,NA,NA,NA,NA,NA,NA,NA
"103",-90,NA,-72,NA,NA,NA,NA,NA,NA,NA,-65,-85,-90,NA,NA,NA,-91,-92,-65,NA,NA,NA,NA,NA,-85,NA,NA,NA,-91,NA,NA,NA,NA,NA,NA,NA
"104",-88,NA,-69,NA,NA,NA,NA,NA,NA,NA,-64,-82,-94,NA,NA,NA,-91,-92,-64,NA,NA,NA,NA,NA,-85,NA,NA,NA,-90,NA,NA,NA,NA,NA,NA,NA
"105",-88,NA,-70,NA,NA,NA,NA,NA,NA,NA,-63,-82,-93,NA,NA,NA,-91,-93,-64,NA,NA,NA,NA,NA,-84,NA,NA,NA,-98,NA,NA,NA,NA,NA,NA,NA
"106",-90,NA,-69,NA,NA,NA,NA,NA,NA,NA,-62,-84,-93,NA,NA,NA,-92,-93,-65,NA,NA,NA,NA,NA,-84,NA,NA,NA,-97,NA,NA,NA,NA,NA,NA,NA
"107",-83,NA,-68,NA,NA,NA,NA,NA,NA,NA,-65,-94,-93,NA,NA,NA,-94,-92,-70,NA,NA,NA,NA,NA,-81,NA,NA,NA,-92,NA,NA,NA,NA,NA,NA,NA
"108",-85,NA,-72,NA,NA,NA,NA,NA,NA,NA,-63,-94,-92,NA,NA,NA,-91,-92,-68,NA,NA,NA,NA,NA,-85,NA,NA,NA,-92,NA,NA,NA,NA,NA,NA,NA
"109",-85,NA,-72,NA,NA,NA,NA,NA,NA,NA,-63,-92,-92,NA,NA,NA,-94,-92,-68,NA,NA,NA,NA,NA,-85,NA,NA,NA,-92,NA,NA,NA,NA,NA,NA,NA
"110",-90,NA,-70,NA,NA,NA,NA,NA,NA,NA,-64,-92,-94,NA,NA,NA,-94,-93,-66,NA,NA,NA,NA,NA,-81,NA,NA,NA,-90,NA,NA,NA,NA,NA,NA,NA
"111",-91,NA,-66,NA,NA,NA,NA,NA,NA,NA,-64,-93,-94,NA,NA,NA,-94,-89,-66,NA,NA,NA,NA,NA,-86,NA,NA,NA,-90,NA,NA,NA,NA,NA,NA,NA
"112",-93,NA,-69,NA,NA,NA,NA,NA,NA,NA,-62,-94,-94,NA,NA,NA,-91,-92,-67,NA,NA,NA,NA,NA,-86,NA,NA,NA,-91,NA,NA,NA,NA,NA,NA,NA
"113",-93,NA,-68,NA,NA,NA,NA,NA,NA,NA,-67,-76,-94,NA,NA,NA,-91,-92,-64,NA,NA,NA,NA,NA,-87,NA,NA,NA,-94,NA,NA,NA,NA,NA,NA,NA
"114",-90,NA,-71,NA,NA,NA,NA,NA,NA,NA,-65,-76,-96,NA,NA,NA,-92,-90,-67,NA,NA,NA,NA,NA,-82,NA,NA,NA,-94,NA,NA,NA,NA,NA,NA,NA
"115",-87,NA,-66,NA,NA,NA,NA,NA,NA,NA,-69,-76,-92,NA,NA,NA,-92,-90,-66,NA,NA,NA,NA,NA,-83,NA,NA,NA,-94,NA,NA,NA,NA,NA,NA,NA
"116",-96,NA,-66,NA,NA,NA,NA,NA,NA,NA,-69,-76,-92,NA,NA,NA,-91,-91,-66,NA,NA,NA,NA,NA,-86,NA,NA,NA,-94,NA,NA,NA,NA,NA,NA,NA
"117",-96,NA,-67,NA,NA,NA,NA,NA,NA,NA,-67,-76,-95,NA,NA,NA,-97,-90,-67,NA,NA,NA,NA,NA,-88,NA,NA,NA,-92,NA,NA,NA,NA,NA,NA,NA
"118",-93,NA,-70,NA,NA,NA,NA,NA,NA,NA,-63,-77,-95,NA,NA,NA,-90,-88,-66,NA,NA,NA,NA,NA,-89,NA,NA,NA,-94,NA,NA,NA,NA,NA,NA,NA
"119",-93,NA,-67,NA,NA,NA,NA,NA,NA,NA,-67,-75,-93,NA,NA,NA,-91,-85,-67,NA,NA,NA,NA,NA,-85,NA,NA,NA,-94,NA,NA,NA,NA,NA,NA,NA
"120",-93,NA,-72,NA,NA,NA,NA,NA,NA,NA,-63,-76,-95,NA,NA,NA,-94,-91,-71,NA,NA,NA,NA,NA,-88,NA,NA,NA,-94,NA,NA,NA,NA,NA,NA,NA
"121",-93,NA,-79,NA,NA,NA,NA,NA,NA,NA,-78,-78,-95,NA,NA,NA,-92,-91,-82,NA,NA,NA,NA,NA,-88,NA,NA,NA,-93,NA,NA,NA,NA,NA,NA,NA
"122",-93,NA,-79,NA,NA,NA,NA,NA,NA,NA,-66,-77,-94,NA,NA,NA,-92,-90,-77,NA,NA,NA,NA,NA,-86,NA,NA,NA,-92,NA,NA,NA,NA,NA,NA,NA
"123",-91,NA,-80,NA,NA,NA,NA,NA,NA,NA,-68,-77,-94,NA,NA,NA,-92,-90,-75,NA,NA,NA,NA,NA,-86,NA,NA,NA,-92,NA,NA,NA,NA,NA,NA,NA
"124",-94,NA,-76,NA,NA,NA,NA,NA,NA,NA,-69,-80,-94,NA,NA,NA,-92,-90,-78,NA,NA,NA,NA,NA,-90,NA,NA,NA,-95,NA,NA,NA,NA,NA,NA,NA
"125",-91,NA,-79,NA,NA,NA,NA,NA,NA,NA,-67,-78,-96,NA,NA,NA,-92,-86,-76,NA,NA,NA,NA,NA,-87,NA,NA,NA,-94,NA,NA,NA,NA,NA,NA,NA
"126",-96,NA,-81,NA,NA,NA,NA,NA,NA,NA,-68,-79,-94,NA,NA,NA,-93,-86,-75,NA,NA,NA,NA,NA,-86,NA,NA,NA,-94,NA,NA,NA,NA,NA,NA,NA
"127",-93,NA,-81,NA,NA,NA,NA,NA,NA,NA,-68,-80,-93,NA,NA,NA,-91,-92,-76,NA,NA,NA,NA,NA,-86,NA,NA,NA,-91,NA,NA,NA,NA,NA,NA,NA
"128",-92,NA,-78,NA,NA,NA,NA,NA,NA,NA,-70,-76,-94,NA,NA,NA,-91,-89,-79,NA,NA,NA,NA,NA,-86,NA,NA,NA,-91,NA,NA,NA,NA,NA,NA,NA
"129",-92,NA,-78,NA,NA,NA,NA,NA,NA,NA,-68,-77,-95,NA,NA,NA,-90,-89,-79,NA,NA,NA,NA,NA,-87,NA,NA,NA,-95,NA,NA,NA,NA,NA,NA,NA
"130",-89,NA,-78,NA,NA,NA,NA,NA,NA,NA,-67,-78,-95,NA,NA,NA,-90,-92,-78,NA,NA,NA,NA,NA,-91,NA,NA,NA,-94,NA,NA,NA,NA,NA,NA,NA
"131",-91,NA,-79,NA,NA,NA,NA,NA,NA,NA,-67,-81,-96,NA,NA,NA,-92,-92,-79,NA,NA,NA,NA,NA,-91,NA,NA,NA,-94,NA,NA,NA,NA,NA,NA,NA
"132",-91,NA,-83,NA,NA,NA,NA,NA,NA,NA,-67,-93,-90,NA,NA,NA,-94,-92,-76,NA,NA,NA,NA,NA,-90,NA,NA,NA,-93,NA,NA,NA,NA,NA,NA,NA
"133",-91,NA,-80,NA,NA,NA,NA,NA,NA,NA,-70,-93,-90,NA,NA,NA,-94,-92,-77,NA,NA,NA,NA,NA,-88,NA,NA,NA,-91,NA,NA,NA,NA,NA,NA,NA
"134",-94,NA,-80,NA,NA,NA,NA,NA,NA,NA,-69,-96,-90,NA,NA,NA,-93,-93,-75,NA,NA,NA,NA,NA,-88,NA,NA,NA,-87,NA,NA,NA,NA,NA,NA,NA
"135",-93,NA,-79,NA,NA,NA,NA,NA,NA,NA,-68,-96,-91,NA,NA,NA,-92,-93,-77,NA,NA,NA,NA,NA,-87,NA,NA,NA,-86,NA,NA,NA,NA,NA,NA,NA
"136",-95,NA,-81,NA,NA,NA,NA,NA,NA,NA,-68,-91,-90,NA,NA,NA,-92,-90,-76,NA,NA,NA,NA,NA,-85,NA,NA,NA,-90,NA,NA,NA,NA,NA,NA,NA
"137",-95,NA,-77,NA,NA,NA,NA,NA,NA,NA,-68,-91,-90,NA,NA,NA,-92,-93,-76,NA,NA,NA,NA,NA,-85,NA,NA,NA,-94,NA,NA,NA,NA,NA,NA,NA
"138",-93,NA,-85,NA,NA,NA,NA,NA,NA,NA,-70,-92,-92,NA,NA,NA,-92,-92,-76,NA,NA,NA,NA,NA,-88,NA,NA,NA,-86,NA,NA,NA,NA,NA,NA,NA
"139",-93,NA,-81,NA,NA,NA,NA,NA,NA,NA,-77,-97,-91,NA,NA,NA,-97,-92,-82,NA,NA,NA,NA,NA,-88,NA,NA,NA,-86,NA,NA,NA,NA,NA,NA,NA
"140",-94,NA,-72,NA,NA,NA,NA,NA,NA,NA,-67,-97,-90,NA,NA,NA,-97,-92,-79,NA,NA,NA,NA,NA,-87,NA,NA,NA,-87,NA,NA,NA,NA,NA,NA,NA
"141",-94,NA,-74,NA,NA,NA,NA,NA,NA,NA,-64,-94,-93,NA,NA,NA,-97,-86,-77,NA,NA,NA,NA,NA,-86,NA,NA,NA,-93,NA,NA,NA,NA,NA,NA,NA
"142",-96,NA,-74,NA,NA,NA,NA,NA,NA,NA,-65,-94,-87,NA,NA,NA,-97,-89,-77,NA,NA,NA,NA,NA,-86,NA,NA,NA,-81,NA,NA,NA,NA,NA,NA,NA
"143",-97,NA,-74,NA,NA,NA,NA,NA,NA,NA,-65,-90,-90,NA,NA,NA,-86,-87,-77,NA,NA,NA,NA,NA,-86,NA,NA,NA,-82,NA,NA,NA,NA,NA,NA,NA
"144",-97,NA,-72,NA,NA,NA,NA,NA,NA,NA,-66,-91,-90,NA,NA,NA,-86,-87,-76,NA,NA,NA,NA,NA,-86,NA,NA,NA,-86,NA,NA,NA,NA,NA,NA,NA
"145",-91,NA,-74,NA,NA,NA,NA,NA,NA,NA,-69,-91,-91,NA,NA,NA,-87,-85,-78,NA,NA,NA,NA,NA,-89,NA,NA,NA,-80,NA,NA,NA,NA,NA,NA,NA
"146",-96,NA,-73,NA,NA,NA,NA,NA,NA,NA,-66,NA,-91,NA,NA,NA,-89,-85,-77,NA,NA,NA,NA,NA,-89,NA,NA,NA,-90,NA,NA,NA,NA,NA,NA,NA
"147",-96,NA,-73,NA,NA,NA,NA,NA,NA,NA,-65,NA,-91,NA,NA,NA,-97,-84,-76,NA,NA,NA,NA,NA,-91,NA,NA,NA,-79,NA,NA,NA,NA,NA,NA,NA
"148",-93,NA,-75,NA,NA,NA,NA,NA,NA,NA,-70,NA,-85,NA,NA,NA,-89,-88,-76,NA,NA,NA,NA,NA,-91,NA,NA,NA,-85,NA,NA,NA,NA,NA,NA,NA
"149",-93,NA,-72,NA,NA,NA,NA,NA,NA,NA,-65,NA,-92,NA,NA,NA,-89,-89,-77,NA,NA,NA,NA,NA,-93,NA,NA,NA,-89,NA,NA,NA,NA,NA,NA,NA
"150",-96,NA,-73,NA,NA,NA,NA,NA,NA,NA,-64,NA,-92,NA,NA,NA,-89,-91,-76,NA,NA,NA,NA,NA,-90,NA,NA,NA,-89,NA,NA,NA,NA,NA,NA,NA
"151",-96,NA,-71,NA,NA,NA,NA,NA,NA,NA,-65,NA,-92,NA,NA,NA,-93,-87,-75,NA,NA,NA,NA,NA,-90,NA,NA,NA,-78,NA,NA,NA,NA,NA,NA,NA
"152",-98,NA,-72,NA,NA,NA,NA,NA,NA,NA,-69,NA,-90,NA,NA,NA,-93,-86,-76,NA,NA,NA,NA,NA,-91,NA,NA,NA,-82,NA,NA,NA,NA,NA,NA,NA
"153",-95,NA,-72,NA,NA,NA,NA,NA,NA,NA,-66,NA,-93,NA,NA,NA,-86,-88,-77,NA,NA,NA,NA,NA,-91,NA,NA,NA,-81,NA,NA,NA,NA,NA,NA,NA
"154",-92,NA,-73,NA,NA,NA,NA,NA,NA,NA,-67,NA,-93,NA,NA,NA,-88,-85,-79,NA,NA,NA,NA,NA,-89,NA,NA,NA,-89,NA,NA,NA,NA,NA,NA,NA
"155",-92,NA,-73,NA,NA,NA,NA,NA,NA,NA,-65,NA,NA,NA,NA,NA,-88,-89,-79,NA,NA,NA,NA,NA,-89,NA,NA,NA,-83,NA,NA,NA,NA,NA,NA,NA
"156",-94,NA,-70,NA,NA,NA,NA,NA,NA,NA,-63,NA,NA,NA,NA,NA,-88,-87,-80,NA,NA,NA,NA,NA,-88,NA,NA,NA,-84,NA,NA,NA,NA,NA,NA,NA
"157",-94,NA,-76,NA,NA,NA,NA,NA,NA,NA,-68,NA,NA,NA,NA,NA,-88,-87,-82,NA,NA,NA,NA,NA,-91,NA,NA,NA,-88,NA,NA,NA,NA,NA,NA,NA
"158",-93,NA,-85,NA,NA,NA,NA,NA,NA,NA,-74,NA,NA,NA,NA,NA,-82,-83,-79,NA,NA,NA,NA,NA,-90,NA,NA,NA,-90,NA,NA,NA,NA,NA,NA,NA
"159",-95,NA,-82,NA,NA,NA,NA,NA,NA,NA,-73,NA,NA,NA,NA,NA,-79,-82,-80,NA,NA,NA,NA,NA,-90,NA,NA,NA,-89,NA,NA,NA,NA,NA,NA,NA
"160",-95,NA,-83,NA,NA,NA,NA,NA,NA,NA,-74,NA,NA,NA,NA,NA,-82,-84,-79,NA,NA,NA,NA,NA,-90,NA,NA,NA,-89,NA,NA,NA,NA,NA,NA,NA
"161",-95,NA,-81,NA,NA,NA,NA,NA,NA,NA,-75,NA,NA,NA,NA,NA,-73,-79,-80,NA,NA,NA,NA,NA,-91,NA,NA,NA,-84,NA,NA,NA,NA,NA,NA,NA
"162",-92,NA,-83,NA,NA,NA,NA,NA,NA,NA,-77,NA,NA,NA,NA,NA,-79,-85,-82,NA,NA,NA,NA,NA,-91,NA,NA,NA,-91,NA,NA,NA,NA,NA,NA,NA
"163",-97,NA,-79,NA,NA,NA,NA,NA,NA,NA,-76,NA,NA,NA,NA,NA,-76,-84,-81,NA,NA,NA,NA,NA,-88,NA,NA,NA,-90,NA,NA,NA,NA,NA,NA,NA
"164",-97,NA,-81,NA,NA,NA,NA,NA,NA,NA,-75,NA,NA,NA,NA,NA,-73,-84,-79,NA,NA,NA,NA,NA,-88,NA,NA,NA,-85,NA,NA,NA,NA,NA,NA,NA
"165",-94,NA,-82,NA,NA,NA,NA,NA,NA,NA,-76,NA,NA,NA,NA,NA,-83,-83,-81,NA,NA,NA,NA,NA,-92,NA,NA,NA,-89,NA,NA,NA,NA,NA,NA,NA
"166",-94,NA,-79,NA,NA,NA,NA,NA,NA,NA,-73,NA,NA,NA,NA,NA,-78,-83,-79,NA,NA,NA,NA,NA,-89,NA,NA,NA,-85,NA,NA,NA,NA,NA,NA,NA
"167",-94,NA,-80,NA,NA,NA,NA,NA,NA,NA,-77,NA,NA,NA,NA,NA,-83,-82,-79,NA,NA,NA,NA,NA,-88,NA,NA,NA,-85,NA,NA,NA,NA,NA,NA,NA
"168",-96,NA,-81,NA,NA,NA,NA,NA,NA,NA,-73,NA,NA,NA,NA,NA,-84,-82,-82,NA,NA,NA,NA,NA,-89,NA,NA,NA,-78,NA,NA,NA,NA,NA,NA,NA
"169",-94,NA,-80,NA,NA,NA,NA,NA,NA,NA,-76,NA,NA,NA,NA,NA,-84,-92,-79,NA,NA,NA,NA,NA,-89,NA,NA,NA,-78,NA,NA,NA,NA,NA,NA,NA
"170",-92,NA,-78,NA,NA,NA,NA,NA,NA,NA,-73,NA,NA,NA,NA,NA,-80,-82,-81,NA,NA,NA,NA,NA,-91,NA,NA,NA,-82,NA,NA,NA,NA,NA,NA,NA
"171",-91,NA,-84,NA,NA,NA,NA,NA,NA,NA,-74,NA,NA,NA,NA,NA,-83,-80,-83,NA,NA,NA,NA,NA,-87,NA,NA,NA,-78,NA,NA,NA,NA,NA,NA,NA
"172",-91,NA,-85,NA,NA,NA,NA,NA,NA,NA,-73,NA,NA,NA,NA,NA,-76,-83,-82,NA,NA,NA,NA,NA,-87,NA,NA,NA,-81,NA,NA,NA,NA,NA,NA,NA
"173",-91,NA,-83,NA,NA,NA,NA,NA,NA,NA,-77,NA,NA,NA,NA,NA,-85,-81,-81,NA,NA,NA,NA,NA,-82,NA,NA,NA,-81,NA,NA,NA,NA,NA,NA,NA
"174",-91,NA,-80,NA,NA,NA,NA,NA,NA,NA,-74,NA,NA,NA,NA,NA,-80,-89,-82,NA,NA,NA,NA,NA,-82,NA,NA,NA,-91,NA,NA,NA,NA,NA,NA,NA
"175",-95,NA,-83,NA,NA,NA,NA,NA,NA,NA,-78,NA,NA,NA,NA,NA,-79,-88,-79,NA,NA,NA,NA,NA,-85,NA,NA,NA,-94,NA,NA,NA,NA,NA,NA,NA
"176",-93,NA,-80,NA,NA,NA,NA,NA,NA,NA,-73,NA,NA,NA,NA,NA,-82,-86,-84,NA,NA,NA,NA,NA,-89,NA,NA,NA,-82,NA,NA,NA,NA,NA,NA,NA
"177",-97,NA,-73,NA,NA,NA,NA,NA,NA,NA,-44,NA,NA,NA,NA,NA,-82,-80,-76,NA,NA,NA,NA,NA,-89,NA,NA,NA,-87,NA,NA,NA,NA,NA,NA,NA
"178",-97,NA,-74,NA,NA,NA,NA,NA,NA,NA,-49,NA,NA,NA,NA,NA,-78,-79,-73,NA,NA,NA,NA,NA,-86,NA,NA,NA,-91,NA,NA,NA,NA,NA,NA,NA
"179",-97,NA,-73,NA,NA,NA,NA,NA,NA,NA,-48,NA,NA,NA,NA,NA,-82,-86,-72,NA,NA,NA,NA,NA,-88,NA,NA,NA,-85,NA,NA,NA,NA,NA,NA,NA
"180",-95,NA,-78,NA,NA,NA,NA,NA,NA,NA,-45,NA,NA,NA,NA,NA,-83,-84,-73,NA,NA,NA,NA,NA,-92,NA,NA,NA,-95,NA,NA,NA,NA,NA,NA,NA
"181",-92,NA,-75,NA,NA,NA,NA,NA,NA,NA,-44,NA,NA,NA,NA,NA,-82,-78,-72,NA,NA,NA,NA,NA,-86,NA,NA,NA,-84,NA,NA,NA,NA,NA,NA,NA
"182",-92,NA,-72,NA,NA,NA,NA,NA,NA,NA,-46,NA,NA,NA,NA,NA,-87,-85,-76,NA,NA,NA,NA,NA,-86,NA,NA,NA,-85,NA,NA,NA,NA,NA,NA,NA
"183",-89,NA,-84,NA,NA,NA,NA,NA,NA,NA,-41,NA,NA,NA,NA,NA,-85,-80,-77,NA,NA,NA,NA,NA,-86,NA,NA,NA,-85,NA,NA,NA,NA,NA,NA,NA
"184",-89,NA,-78,NA,NA,NA,NA,NA,NA,NA,-41,NA,NA,NA,NA,NA,-78,-84,-80,NA,NA,NA,NA,NA,-82,NA,NA,NA,-81,NA,NA,NA,NA,NA,NA,NA
"185",-94,NA,-85,NA,NA,NA,NA,NA,NA,NA,-44,NA,NA,NA,NA,NA,-75,-85,-81,NA,NA,NA,NA,NA,-83,NA,NA,NA,-88,NA,NA,NA,NA,NA,NA,NA
"186",-94,NA,-76,NA,NA,NA,NA,NA,NA,NA,-44,NA,NA,NA,NA,NA,-88,-93,-79,NA,NA,NA,NA,NA,-83,NA,NA,NA,-88,NA,NA,NA,NA,NA,NA,NA
"187",-94,NA,-75,NA,NA,NA,NA,NA,NA,NA,-43,NA,NA,NA,NA,NA,-83,-76,-80,NA,NA,NA,NA,NA,-81,NA,NA,NA,-86,NA,NA,NA,NA,NA,NA,NA
"188",-94,NA,-81,NA,NA,NA,NA,NA,NA,NA,-47,NA,NA,NA,NA,NA,-83,-81,-82,NA,NA,NA,NA,NA,-83,NA,NA,NA,-93,NA,NA,NA,NA,NA,NA,NA
"189",-92,NA,-81,NA,NA,NA,NA,NA,NA,NA,-44,NA,NA,NA,NA,NA,-80,-84,-74,NA,NA,NA,NA,NA,-84,NA,NA,NA,-94,NA,NA,NA,NA,NA,NA,NA
"190",-92,NA,-80,NA,NA,NA,NA,NA,NA,NA,-48,NA,NA,NA,NA,NA,-76,-84,-76,NA,NA,NA,NA,NA,-83,NA,NA,NA,-83,NA,NA,NA,NA,NA,NA,NA
"191",-91,NA,-79,NA,NA,NA,NA,NA,NA,NA,-44,NA,NA,NA,NA,NA,-83,-83,-79,NA,NA,NA,NA,NA,-84,NA,NA,NA,-95,NA,NA,NA,NA,NA,NA,NA
"192",-91,NA,-77,NA,NA,NA,NA,NA,NA,NA,-43,NA,NA,NA,NA,NA,-91,-82,-78,NA,NA,NA,NA,NA,-83,NA,NA,NA,NA,NA,NA,NA,NA,NA,NA,NA
"193",-93,NA,-81,NA,NA,NA,NA,NA,NA,NA,-45,NA,NA,NA,NA,NA,-82,-85,-77,NA,NA,NA,NA,NA,-84,NA,NA,NA,NA,NA,NA,NA,NA,NA,NA,NA
"194",-97,NA,-72,NA,NA,NA,NA,NA,NA,NA,-62,NA,NA,NA,NA,NA,-84,-85,-75,NA,NA,NA,NA,NA,-83,NA,NA,NA,NA,NA,NA,NA,NA,NA,NA,NA
"195",-95,NA,-70,NA,NA,NA,NA,NA,NA,NA,-52,NA,NA,NA,NA,NA,-90,-86,-74,NA,NA,NA,NA,NA,-81,NA,NA,NA,NA,NA,NA,NA,NA,NA,NA,NA
"196",-90,NA,-74,NA,NA,NA,NA,NA,NA,NA,-53,NA,NA,NA,NA,NA,-86,-78,-77,NA,NA,NA,NA,NA,-82,NA,NA,NA,NA,NA,NA,NA,NA,NA,NA,NA
"197",-96,NA,-73,NA,NA,NA,NA,NA,NA,NA,-55,NA,NA,NA,NA,NA,-72,-89,-75,NA,NA,NA,NA,NA,-84,NA,NA,NA,NA,NA,NA,NA,NA,NA,NA,NA
"198",-92,NA,-71,NA,NA,NA,NA,NA,NA,NA,-58,NA,NA,NA,NA,NA,-75,-87,-77,NA,NA,NA,NA,NA,-86,NA,NA,NA,NA,NA,NA,NA,NA,NA,NA,NA
"199",-94,NA,-74,NA,NA,NA,NA,NA,NA,NA,-58,NA,NA,NA,NA,NA,-81,-82,-77,NA,NA,NA,NA,NA,-87,NA,NA,NA,NA,NA,NA,NA,NA,NA,NA,NA
"200",-93,NA,-73,NA,NA,NA,NA,NA,NA,NA,-56,NA,NA,NA,NA,NA,-79,-82,-82,NA,NA,NA,NA,NA,-89,NA,NA,NA,NA,NA,NA,NA,NA,NA,NA,NA
"201",-96,NA,-71,NA,NA,NA,NA,NA,NA,NA,-57,NA,NA,NA,NA,NA,-79,-83,-76,NA,NA,NA,NA,NA,-88,NA,NA,NA,NA,NA,NA,NA,NA,NA,NA,NA
"202",-96,NA,-74,NA,NA,NA,NA,NA,NA,NA,-53,NA,NA,NA,NA,NA,-81,-89,-76,NA,NA,NA,NA,NA,-92,NA,NA,NA,NA,NA,NA,NA,NA,NA,NA,NA
"203",-92,NA,-73,NA,NA,NA,NA,NA,NA,NA,-57,NA,NA,NA,NA,NA,-85,-77,-80,NA,NA,NA,NA,NA,-90,NA,NA,NA,NA,NA,NA,NA,NA,NA,NA,NA
"204",-92,NA,-74,NA,NA,NA,NA,NA,NA,NA,-59,NA,NA,NA,NA,NA,-80,-83,-76,NA,NA,NA,NA,NA,-90,NA,NA,NA,NA,NA,NA,NA,NA,NA,NA,NA
"205",-90,NA,-73,NA,NA,NA,NA,NA,NA,NA,-53,NA,NA,NA,NA,NA,-82,-83,-78,NA,NA,NA,NA,NA,-91,NA,NA,NA,NA,NA,NA,NA,NA,NA,NA,NA
"206",-96,NA,-74,NA,NA,NA,NA,NA,NA,NA,-63,NA,NA,NA,NA,NA,-76,-85,-74,NA,NA,NA,NA,NA,-91,NA,NA,NA,NA,NA,NA,NA,NA,NA,NA,NA
"207",-94,NA,-71,NA,NA,NA,NA,NA,NA,NA,-60,NA,NA,NA,NA,NA,-77,-91,-75,NA,NA,NA,NA,NA,-88,NA,NA,NA,NA,NA,NA,NA,NA,NA,NA,NA
"208",-94,NA,-73,NA,NA,NA,NA,NA,NA,NA,-59,NA,NA,NA,NA,NA,-86,-82,-76,NA,NA,NA,NA,NA,-87,NA,NA,NA,NA,NA,NA,NA,NA,NA,NA,NA
"209",-94,NA,-73,NA,NA,NA,NA,NA,NA,NA,-60,NA,NA,NA,NA,NA,-84,-86,-77,NA,NA,NA,NA,NA,-87,NA,NA,NA,NA,NA,NA,NA,NA,NA,NA,NA
"210",-94,NA,-72,NA,NA,NA,NA,NA,NA,NA,-58,NA,NA,NA,NA,NA,-77,-87,-79,NA,NA,NA,NA,NA,-86,NA,NA,NA,NA,NA,NA,NA,NA,NA,NA,NA
"211",-94,NA,-74,NA,NA,NA,NA,NA,NA,NA,-56,NA,NA,NA,NA,NA,-80,-81,-79,NA,NA,NA,NA,NA,-86,NA,NA,NA,NA,NA,NA,NA,NA,NA,NA,NA
"212",-93,NA,-74,NA,NA,NA,NA,NA,NA,NA,-59,NA,NA,NA,NA,NA,-86,-80,-83,NA,NA,NA,NA,NA,-88,NA,NA,NA,NA,NA,NA,NA,NA,NA,NA,NA
"213",-91,NA,-71,NA,NA,NA,NA,NA,NA,NA,-45,NA,NA,NA,NA,NA,-89,-81,-63,NA,NA,NA,NA,NA,-86,NA,NA,NA,NA,NA,NA,NA,NA,NA,NA,NA
"214",-90,NA,-70,NA,NA,NA,NA,NA,NA,NA,-47,NA,NA,NA,NA,NA,-82,-82,-64,NA,NA,NA,NA,NA,-81,NA,NA,NA,NA,NA,NA,NA,NA,NA,NA,NA
"215",-90,NA,-69,NA,NA,NA,NA,NA,NA,NA,-47,NA,NA,NA,NA,NA,-77,-90,-64,NA,NA,NA,NA,NA,-86,NA,NA,NA,NA,NA,NA,NA,NA,NA,NA,NA
"216",-96,NA,-67,NA,NA,NA,NA,NA,NA,NA,-47,NA,NA,NA,NA,NA,NA,-80,-62,NA,NA,NA,NA,NA,-86,NA,NA,NA,NA,NA,NA,NA,NA,NA,NA,NA
"217",-95,NA,-69,NA,NA,NA,NA,NA,NA,NA,-46,NA,NA,NA,NA,NA,NA,-81,-63,NA,NA,NA,NA,NA,-75,NA,NA,NA,NA,NA,NA,NA,NA,NA,NA,NA
"218",-95,NA,-68,NA,NA,NA,NA,NA,NA,NA,-47,NA,NA,NA,NA,NA,NA,NA,-62,NA,NA,NA,NA,NA,-81,NA,NA,NA,NA,NA,NA,NA,NA,NA,NA,NA
"219",-95,NA,-67,NA,NA,NA,NA,NA,NA,NA,-45,NA,NA,NA,NA,NA,NA,NA,-62,NA,NA,NA,NA,NA,-80,NA,NA,NA,NA,NA,NA,NA,NA,NA,NA,NA
"220",-96,NA,-68,NA,NA,NA,NA,NA,NA,NA,-46,NA,NA,NA,NA,NA,NA,NA,-62,NA,NA,NA,NA,NA,-90,NA,NA,NA,NA,NA,NA,NA,NA,NA,NA,NA
"221",-96,NA,-67,NA,NA,NA,NA,NA,NA,NA,-45,NA,NA,NA,NA,NA,NA,NA,-61,NA,NA,NA,NA,NA,-80,NA,NA,NA,NA,NA,NA,NA,NA,NA,NA,NA
"222",-93,NA,-69,NA,NA,NA,NA,NA,NA,NA,-44,NA,NA,NA,NA,NA,NA,NA,-62,NA,NA,NA,NA,NA,-86,NA,NA,NA,NA,NA,NA,NA,NA,NA,NA,NA
"223",-95,NA,-72,NA,NA,NA,NA,NA,NA,NA,-47,NA,NA,NA,NA,NA,NA,NA,-61,NA,NA,NA,NA,NA,-76,NA,NA,NA,NA,NA,NA,NA,NA,NA,NA,NA
"224",-95,NA,-73,NA,NA,NA,NA,NA,NA,NA,-46,NA,NA,NA,NA,NA,NA,NA,-64,NA,NA,NA,NA,NA,-82,NA,NA,NA,NA,NA,NA,NA,NA,NA,NA,NA
"225",-90,NA,-70,NA,NA,NA,NA,NA,NA,NA,-45,NA,NA,NA,NA,NA,NA,NA,-62,NA,NA,NA,NA,NA,-85,NA,NA,NA,NA,NA,NA,NA,NA,NA,NA,NA
"226",-94,NA,-69,NA,NA,NA,NA,NA,NA,NA,-43,NA,NA,NA,NA,NA,NA,NA,-61,NA,NA,NA,NA,NA,-84,NA,NA,NA,NA,NA,NA,NA,NA,NA,NA,NA
"227",-96,NA,-68,NA,NA,NA,NA,NA,NA,NA,-45,NA,NA,NA,NA,NA,NA,NA,-62,NA,NA,NA,NA,NA,-81,NA,NA,NA,NA,NA,NA,NA,NA,NA,NA,NA
"228",-96,NA,-68,NA,NA,NA,NA,NA,NA,NA,-45,NA,NA,NA,NA,NA,NA,NA,-63,NA,NA,NA,NA,NA,-79,NA,NA,NA,NA,NA,NA,NA,NA,NA,NA,NA
"229",-94,NA,-69,NA,NA,NA,NA,NA,NA,NA,-45,NA,NA,NA,NA,NA,NA,NA,-63,NA,NA,NA,NA,NA,-83,NA,NA,NA,NA,NA,NA,NA,NA,NA,NA,NA
"230",-93,NA,-65,NA,NA,NA,NA,NA,NA,NA,-48,NA,NA,NA,NA,NA,NA,NA,-69,NA,NA,NA,NA,NA,-83,NA,NA,NA,NA,NA,NA,NA,NA,NA,NA,NA
"231",-93,NA,-56,NA,NA,NA,NA,NA,NA,NA,-64,NA,NA,NA,NA,NA,NA,NA,-66,NA,NA,NA,NA,NA,-79,NA,NA,NA,NA,NA,NA,NA,NA,NA,NA,NA
"232",-86,NA,-62,NA,NA,NA,NA,NA,NA,NA,-67,NA,NA,NA,NA,NA,NA,NA,-67,NA,NA,NA,NA,NA,-78,NA,NA,NA,NA,NA,NA,NA,NA,NA,NA,NA
"233",-91,NA,-64,NA,NA,NA,NA,NA,NA,NA,-68,NA,NA,NA,NA,NA,NA,NA,-72,NA,NA,NA,NA,NA,-75,NA,NA,NA,NA,NA,NA,NA,NA,NA,NA,NA
"234",-92,NA,-63,NA,NA,NA,NA,NA,NA,NA,-63,NA,NA,NA,NA,NA,NA,NA,-71,NA,NA,NA,NA,NA,-71,NA,NA,NA,NA,NA,NA,NA,NA,NA,NA,NA
"235",-93,NA,-64,NA,NA,NA,NA,NA,NA,NA,-65,NA,NA,NA,NA,NA,NA,NA,-61,NA,NA,NA,NA,NA,-71,NA,NA,NA,NA,NA,NA,NA,NA,NA,NA,NA
"236",-92,NA,-59,NA,NA,NA,NA,NA,NA,NA,-62,NA,NA,NA,NA,NA,NA,NA,-68,NA,NA,NA,NA,NA,-78,NA,NA,NA,NA,NA,NA,NA,NA,NA,NA,NA
"237",-95,NA,-64,NA,NA,NA,NA,NA,NA,NA,-63,NA,NA,NA,NA,NA,NA,NA,-67,NA,NA,NA,NA,NA,-79,NA,NA,NA,NA,NA,NA,NA,NA,NA,NA,NA
"238",-95,NA,-54,NA,NA,NA,NA,NA,NA,NA,-68,NA,NA,NA,NA,NA,NA,NA,-63,NA,NA,NA,NA,NA,-77,NA,NA,NA,NA,NA,NA,NA,NA,NA,NA,NA
"239",-92,NA,-60,NA,NA,NA,NA,NA,NA,NA,-73,NA,NA,NA,NA,NA,NA,NA,-64,NA,NA,NA,NA,NA,-77,NA,NA,NA,NA,NA,NA,NA,NA,NA,NA,NA
"240",-92,NA,-61,NA,NA,NA,NA,NA,NA,NA,-62,NA,NA,NA,NA,NA,NA,NA,-64,NA,NA,NA,NA,NA,-77,NA,NA,NA,NA,NA,NA,NA,NA,NA,NA,NA
"241",-89,NA,-61,NA,NA,NA,NA,NA,NA,NA,-64,NA,NA,NA,NA,NA,NA,NA,-64,NA,NA,NA,NA,NA,-79,NA,NA,NA,NA,NA,NA,NA,NA,NA,NA,NA
"242",-94,NA,-61,NA,NA,NA,NA,NA,NA,NA,-68,NA,NA,NA,NA,NA,NA,NA,-61,NA,NA,NA,NA,NA,-79,NA,NA,NA,NA,NA,NA,NA,NA,NA,NA,NA
"243",-90,NA,-62,NA,NA,NA,NA,NA,NA,NA,-64,NA,NA,NA,NA,NA,NA,NA,-63,NA,NA,NA,NA,NA,-77,NA,NA,NA,NA,NA,NA,NA,NA,NA,NA,NA
"244",-94,NA,-63,NA,NA,NA,NA,NA,NA,NA,-64,NA,NA,NA,NA,NA,NA,NA,-65,NA,NA,NA,NA,NA,-77,NA,NA,NA,NA,NA,NA,NA,NA,NA,NA,NA
"245",-93,NA,-59,NA,NA,NA,NA,NA,NA,NA,-68,NA,NA,NA,NA,NA,NA,NA,-62,NA,NA,NA,NA,NA,-81,NA,NA,NA,NA,NA,NA,NA,NA,NA,NA,NA
"246",-93,NA,-65,NA,NA,NA,NA,NA,NA,NA,-63,NA,NA,NA,NA,NA,NA,NA,-64,NA,NA,NA,NA,NA,-87,NA,NA,NA,NA,NA,NA,NA,NA,NA,NA,NA
"247",-90,NA,-61,NA,NA,NA,NA,NA,NA,NA,-63,NA,NA,NA,NA,NA,NA,NA,-63,NA,NA,NA,NA,NA,-81,NA,NA,NA,NA,NA,NA,NA,NA,NA,NA,NA
"248",-93,NA,-63,NA,NA,NA,NA,NA,NA,NA,-73,NA,NA,NA,NA,NA,NA,NA,-63,NA,NA,NA,NA,NA,-81,NA,NA,NA,NA,NA,NA,NA,NA,NA,NA,NA
"249",-96,NA,-70,NA,NA,NA,NA,NA,NA,NA,-61,NA,NA,NA,NA,NA,NA,NA,-67,NA,NA,NA,NA,NA,-83,NA,NA,NA,NA,NA,NA,NA,NA,NA,NA,NA
"250",-96,NA,-67,NA,NA,NA,NA,NA,NA,NA,-65,NA,NA,NA,NA,NA,NA,NA,-56,NA,NA,NA,NA,NA,-79,NA,NA,NA,NA,NA,NA,NA,NA,NA,NA,NA
"251",-95,NA,-59,NA,NA,NA,NA,NA,NA,NA,-61,NA,NA,NA,NA,NA,NA,NA,-61,NA,NA,NA,NA,NA,-87,NA,NA,NA,NA,NA,NA,NA,NA,NA,NA,NA
"252",-95,NA,-61,NA,NA,NA,NA,NA,NA,NA,-61,NA,NA,NA,NA,NA,NA,NA,-66,NA,NA,NA,NA,NA,-86,NA,NA,NA,NA,NA,NA,NA,NA,NA,NA,NA
"253",-98,NA,-59,NA,NA,NA,NA,NA,NA,NA,-68,NA,NA,NA,NA,NA,NA,NA,-61,NA,NA,NA,NA,NA,-84,NA,NA,NA,NA,NA,NA,NA,NA,NA,NA,NA
"254",-95,NA,-59,NA,NA,NA,NA,NA,NA,NA,-62,NA,NA,NA,NA,NA,NA,NA,-60,NA,NA,NA,NA,NA,-75,NA,NA,NA,NA,NA,NA,NA,NA,NA,NA,NA
"255",-95,NA,-65,NA,NA,NA,NA,NA,NA,NA,-62,NA,NA,NA,NA,NA,NA,NA,-70,NA,NA,NA,NA,NA,-75,NA,NA,NA,NA,NA,NA,NA,NA,NA,NA,NA
"256",-89,NA,-58,NA,NA,NA,NA,NA,NA,NA,-66,NA,NA,NA,NA,NA,NA,NA,-68,NA,NA,NA,NA,NA,-77,NA,NA,NA,NA,NA,NA,NA,NA,NA,NA,NA
"257",-89,NA,-62,NA,NA,NA,NA,NA,NA,NA,-65,NA,NA,NA,NA,NA,NA,NA,-66,NA,NA,NA,NA,NA,NA,NA,NA,NA,NA,NA,NA,NA,NA,NA,NA,NA
"258",-90,NA,-63,NA,NA,NA,NA,NA,NA,NA,-60,NA,NA,NA,NA,NA,NA,NA,-67,NA,NA,NA,NA,NA,NA,NA,NA,NA,NA,NA,NA,NA,NA,NA,NA,NA
"259",-88,NA,-71,NA,NA,NA,NA,NA,NA,NA,-68,NA,NA,NA,NA,NA,NA,NA,-61,NA,NA,NA,NA,NA,NA,NA,NA,NA,NA,NA,NA,NA,NA,NA,NA,NA
"260",-88,NA,-65,NA,NA,NA,NA,NA,NA,NA,-63,NA,NA,NA,NA,NA,NA,NA,-69,NA,NA,NA,NA,NA,NA,NA,NA,NA,NA,NA,NA,NA,NA,NA,NA,NA
"261",-90,NA,-65,NA,NA,NA,NA,NA,NA,NA,-64,NA,NA,NA,NA,NA,NA,NA,-73,NA,NA,NA,NA,NA,NA,NA,NA,NA,NA,NA,NA,NA,NA,NA,NA,NA
"262",-83,NA,-66,NA,NA,NA,NA,NA,NA,NA,-70,NA,NA,NA,NA,NA,NA,NA,-75,NA,NA,NA,NA,NA,NA,NA,NA,NA,NA,NA,NA,NA,NA,NA,NA,NA
"263",-85,NA,-63,NA,NA,NA,NA,NA,NA,NA,-73,NA,NA,NA,NA,NA,NA,NA,-59,NA,NA,NA,NA,NA,NA,NA,NA,NA,NA,NA,NA,NA,NA,NA,NA,NA
"264",-85,NA,-69,NA,NA,NA,NA,NA,NA,NA,-65,NA,NA,NA,NA,NA,NA,NA,-63,NA,NA,NA,NA,NA,NA,NA,NA,NA,NA,NA,NA,NA,NA,NA,NA,NA
"265",-90,NA,-62,NA,NA,NA,NA,NA,NA,NA,-68,NA,NA,NA,NA,NA,NA,NA,-66,NA,NA,NA,NA,NA,NA,NA,NA,NA,NA,NA,NA,NA,NA,NA,NA,NA
"266",-91,NA,-56,NA,NA,NA,NA,NA,NA,NA,-62,NA,NA,NA,NA,NA,NA,NA,-65,NA,NA,NA,NA,NA,NA,NA,NA,NA,NA,NA,NA,NA,NA,NA,NA,NA
"267",-93,NA,-58,NA,NA,NA,NA,NA,NA,NA,-71,NA,NA,NA,NA,NA,NA,NA,-63,NA,NA,NA,NA,NA,NA,NA,NA,NA,NA,NA,NA,NA,NA,NA,NA,NA
"268",-93,NA,-56,NA,NA,NA,NA,NA,NA,NA,-66,NA,NA,NA,NA,NA,NA,NA,-67,NA,NA,NA,NA,NA,NA,NA,NA,NA,NA,NA,NA,NA,NA,NA,NA,NA
"269",-90,NA,-62,NA,NA,NA,NA,NA,NA,NA,-67,NA,NA,NA,NA,NA,NA,NA,-60,NA,NA,NA,NA,NA,NA,NA,NA,NA,NA,NA,NA,NA,NA,NA,NA,NA
"270",-87,NA,-59,NA,NA,NA,NA,NA,NA,NA,-69,NA,NA,NA,NA,NA,NA,NA,-58,NA,NA,NA,NA,NA,NA,NA,NA,NA,NA,NA,NA,NA,NA,NA,NA,NA
"271",-96,NA,-59,NA,NA,NA,NA,NA,NA,NA,-67,NA,NA,NA,NA,NA,NA,NA,-63,NA,NA,NA,NA,NA,NA,NA,NA,NA,NA,NA,NA,NA,NA,NA,NA,NA
"272",-96,NA,-66,NA,NA,NA,NA,NA,NA,NA,-67,NA,NA,NA,NA,NA,NA,NA,-62,NA,NA,NA,NA,NA,NA,NA,NA,NA,NA,NA,NA,NA,NA,NA,NA,NA
"273",-93,NA,-69,NA,NA,NA,NA,NA,NA,NA,-65,NA,NA,NA,NA,NA,NA,NA,-67,NA,NA,NA,NA,NA,NA,NA,NA,NA,NA,NA,NA,NA,NA,NA,NA,NA
"274",-93,NA,-63,NA,NA,NA,NA,NA,NA,NA,-68,NA,NA,NA,NA,NA,NA,NA,-63,NA,NA,NA,NA,NA,NA,NA,NA,NA,NA,NA,NA,NA,NA,NA,NA,NA
"275",-93,NA,-56,NA,NA,NA,NA,NA,NA,NA,-68,NA,NA,NA,NA,NA,NA,NA,-66,NA,NA,NA,NA,NA,NA,NA,NA,NA,NA,NA,NA,NA,NA,NA,NA,NA
"276",-93,NA,-60,NA,NA,NA,NA,NA,NA,NA,-68,NA,NA,NA,NA,NA,NA,NA,-67,NA,NA,NA,NA,NA,NA,NA,NA,NA,NA,NA,NA,NA,NA,NA,NA,NA
"277",-93,NA,-60,NA,NA,NA,NA,NA,NA,NA,-61,NA,NA,NA,NA,NA,NA,NA,-66,NA,NA,NA,NA,NA,NA,NA,NA,NA,NA,NA,NA,NA,NA,NA,NA,NA
"278",-91,NA,-61,NA,NA,NA,NA,NA,NA,NA,-72,NA,NA,NA,NA,NA,NA,NA,-64,NA,NA,NA,NA,NA,NA,NA,NA,NA,NA,NA,NA,NA,NA,NA,NA,NA
"279",-94,NA,-65,NA,NA,NA,NA,NA,NA,NA,-71,NA,NA,NA,NA,NA,NA,NA,-61,NA,NA,NA,NA,NA,NA,NA,NA,NA,NA,NA,NA,NA,NA,NA,NA,NA
"280",-91,NA,-59,NA,NA,NA,NA,NA,NA,NA,-68,NA,NA,NA,NA,NA,NA,NA,-63,NA,NA,NA,NA,NA,NA,NA,NA,NA,NA,NA,NA,NA,NA,NA,NA,NA
"281",-96,NA,-58,NA,NA,NA,NA,NA,NA,NA,-65,NA,NA,NA,NA,NA,NA,NA,-62,NA,NA,NA,NA,NA,NA,NA,NA,NA,NA,NA,NA,NA,NA,NA,NA,NA
"282",-93,NA,-63,NA,NA,NA,NA,NA,NA,NA,-65,NA,NA,NA,NA,NA,NA,NA,-62,NA,NA,NA,NA,NA,NA,NA,NA,NA,NA,NA,NA,NA,NA,NA,NA,NA
"283",-92,NA,-53,NA,NA,NA,NA,NA,NA,NA,-59,NA,NA,NA,NA,NA,NA,NA,-56,NA,NA,NA,NA,NA,NA,NA,NA,NA,NA,NA,NA,NA,NA,NA,NA,NA
"284",-92,NA,-64,NA,NA,NA,NA,NA,NA,NA,-66,NA,NA,NA,NA,NA,NA,NA,-61,NA,NA,NA,NA,NA,NA,NA,NA,NA,NA,NA,NA,NA,NA,NA,NA,NA
"285",-89,NA,-57,NA,NA,NA,NA,NA,NA,NA,-65,NA,NA,NA,NA,NA,NA,NA,-67,NA,NA,NA,NA,NA,NA,NA,NA,NA,NA,NA,NA,NA,NA,NA,NA,NA
"286",-91,NA,-62,NA,NA,NA,NA,NA,NA,NA,-72,NA,NA,NA,NA,NA,NA,NA,-65,NA,NA,NA,NA,NA,NA,NA,NA,NA,NA,NA,NA,NA,NA,NA,NA,NA
"287",-91,NA,-59,NA,NA,NA,NA,NA,NA,NA,-62,NA,NA,NA,NA,NA,NA,NA,-68,NA,NA,NA,NA,NA,NA,NA,NA,NA,NA,NA,NA,NA,NA,NA,NA,NA
"288",-91,NA,-62,NA,NA,NA,NA,NA,NA,NA,-69,NA,NA,NA,NA,NA,NA,NA,-58,NA,NA,NA,NA,NA,NA,NA,NA,NA,NA,NA,NA,NA,NA,NA,NA,NA
"289",-94,NA,-59,NA,NA,NA,NA,NA,NA,NA,-64,NA,NA,NA,NA,NA,NA,NA,-58,NA,NA,NA,NA,NA,NA,NA,NA,NA,NA,NA,NA,NA,NA,NA,NA,NA
